{"cameraMode":{"drawMode":0,"name":"Shaded","section":"Shading Mode"},"sceneLighting":false,"audioPlay":false,"sceneViewState":{"m_AlwaysRefresh":false,"showFog":true,"showSkybox":false,"showFlares":true,"showImageEffects":true,"showParticleSystems":true,"showVisualEffectGraphs":true,"m_FxEnabled":true},"in2DMode":false,"pivot":{"x":1.282671332359314,"y":1.1928540468215943,"z":-2.144458532333374},"rotation":{"x":0.38911646604537966,"y":0.05574776977300644,"z":-0.023657647892832757,"w":0.919074296951294},"size":0.8660283088684082,"orthographic":false}