{"cameraMode":{"drawMode":0,"name":"Shaded","section":"Shading Mode"},"sceneLighting":true,"audioPlay":false,"sceneViewState":{"m_AlwaysRefresh":false,"showFog":true,"showSkybox":true,"showFlares":true,"showImageEffects":true,"showParticleSystems":true,"showVisualEffectGraphs":true,"m_FxEnabled":true},"in2DMode":false,"pivot":{"x":0.8047302961349487,"y":5.335233211517334,"z":-4.135880947113037},"rotation":{"x":0.36488568782806399,"y":-0.3163057565689087,"z":0.13333936035633088,"w":0.8654311299324036},"size":0.9166415929794312,"orthographic":false}