{"cameraMode":{"drawMode":0,"name":"Shaded","section":"Shading Mode"},"sceneLighting":false,"audioPlay":false,"sceneViewState":{"m_AlwaysRefresh":false,"showFog":true,"showSkybox":false,"showFlares":true,"showImageEffects":true,"showParticleSystems":true,"showVisualEffectGraphs":true,"m_FxEnabled":true},"in2DMode":false,"pivot":{"x":-0.3105701804161072,"y":0.8871975541114807,"z":-0.23486915230751038},"rotation":{"x":0.32568657398223879,"y":-0.6220301389694214,"z":0.31786808371543887,"w":0.6370925307273865},"size":1.5095852613449097,"orthographic":false}